Drink ID,Name,Category,Alcoholic,Glass,Ingredients,Measure
17222,A1,Cocktail,True,Cocktail glass,"['Gin', 'Grand Marnier', 'Lemon Juice', 'Grenadine']","['1 3/4 shot ', '1 Shot ', '1/4 Shot', '1/8 Shot']"
13501,ABC,Shot,True,Shot glass,"['Amaretto', 'Baileys irish cream', 'Cognac']","['1/3 ', '1/3 ', '1/3 ']"
17225,Ace,Cocktail,True,Martini Glass,"['Gin', 'Grenadine', 'Heavy cream', 'Milk', 'Egg White']","['2 shots ', '1/2 shot ', '1/2 shot ', '1/2 shot', '1/2 Fresh']"
17837,Adam,Ordinary Drink,True,Cocktail glass,"['Dark rum', 'Lemon juice', 'Grenadine']","['2 oz ', '1 oz ', '1 tsp ']"
13938,AT&T,Ordinary Drink,True,Highball Glass,"['Absolut Vodka', 'Gin', 'Tonic water']","['1 oz ', '1 oz ', '4 oz ']"
14610,ACID,Shot,True,Shot glass,"['151 proof rum', 'Wild Turkey']","['1 oz Bacardi ', '1 oz ']"
17833,A. J.,Ordinary Drink,True,Cocktail glass,"['Applejack', 'Grapefruit juice']","['1 1/2 oz ', '1 oz ']"
17839,Affair,Ordinary Drink,True,Highball glass,"['Strawberry schnapps', 'Orange juice', 'Cranberry juice', 'Club soda']","['2 oz ', '2 oz ', '2 oz ', None]"
15106,Apello,Other/Unknown,False,Collins Glass,"['Orange juice', 'Grapefruit juice', 'Apple juice', 'Maraschino cherry']","['4 cl ', '3 cl ', '1 cl ', '1 ']"
15266,Avalon,Ordinary Drink,True,Highball glass,"['Vodka', 'Pisang Ambon', 'Apple juice', 'Lemon juice', 'Lemonade']","['3 parts', '1 part ', '6 parts ', '1 1/2 part ', None]"
17835,Abilene,Ordinary Drink,True,Highball glass,"['Dark rum', 'Peach nectar', 'Orange juice']","['1 1/2 oz ', '2 oz ', '3 oz ']"
11023,Almeria,Ordinary Drink,True,Cocktail glass,"['Dark rum', 'Kahlua', 'Egg white']","['2 oz ', '1 oz ', '1 ']"
17228,Addison,Cocktail,True,Martini Glass,"['Gin', 'Vermouth']","['1 1/2 shot ', '1 1/2 shot ']"
17836,Acapulco,Ordinary Drink,True,Old-fashioned glass,"['Light rum', 'Triple sec', 'Lime juice', 'Sugar', 'Egg white', 'Mint']","['1 1/2 oz ', '1 1/2 tsp ', '1 tblsp ', '1 tsp ', '1 ', '1 ']"
17840,Affinity,Ordinary Drink,True,Cocktail glass,"['Scotch', 'Sweet Vermouth', 'Dry Vermouth', 'Orange bitters']","['1 1/2 oz ', '1 oz ', '1 oz ', '2 dashes ']"
11046,Applecar,Ordinary Drink,True,Cocktail glass,"['Applejack', 'Triple sec', 'Lemon juice']","['1 oz ', '1 oz ', '1 oz ']"
17180,Aviation,Cocktail,True,Cocktail glass,"['Gin', 'lemon juice', 'maraschino liqueur']","['4.5 cl', '1.5 cl', '1.5 cl']"
11014,Alexander,Ordinary Drink,True,Cocktail glass,"['Gin', 'Creme de Cacao', 'Light cream', 'Nutmeg']","['1/2 oz ', '1/2 oz white ', '2 oz ', None]"
11020,Algonquin,Ordinary Drink,True,Cocktail glass,"['Blended whiskey', 'Dry Vermouth', 'Pineapple juice']","['1 1/2 oz ', '1 oz ', '1 oz ']"
11021,Allegheny,Ordinary Drink,True,Cocktail glass,"['Dry Vermouth', 'Bourbon', 'Blackberry brandy', 'Lemon juice', 'Lemon peel']","['1 oz ', '1 oz ', '1 1/2 tsp ', '1 1/2 tsp ', '1 twist of ']"
11055,Artillery,Ordinary Drink,True,Cocktail glass,"['Sweet Vermouth', 'Gin', 'Bitters']","['1 1/2 tsp ', '1 1/2 oz ', '2 dashes ']"
12560,Afterglow,Cocktail,False,Highball Glass,"['Grenadine', 'Orange juice', 'Pineapple juice']","['1 part ', '4 parts ', '4 parts ']"
12756,Autodafé,Ordinary Drink,True,Highball glass,"['Vodka', 'Lime juice', 'Soda water']","['4 cl ', '1 dash ', None]"
13162,Afternoon,Coffee / Tea,True,Collins Glass,"['Kahlua', 'Baileys irish cream', 'Frangelico', 'Coffee', 'Cream']","['1 cl ', '1 cl ', '1 1/2 ', '4 cl hot ', None]"
13332,B-53,Shot,True,Collins Glass,"['Kahlua', 'Sambuca', 'Grand Marnier']","['1/3 shot ', '1/3 shot ', '1/3 shot ']"
15853,B-52,Shot,True,Shot glass,"['Baileys irish cream', 'Grand Marnier', 'Kahlua']","['1/3 ', '1/3 ', '1/4 ']"
17254,Bijou,Cocktail,True,Cocktail glass,"['Orange Bitters', 'Green Chartreuse', 'Gin', 'Sweet Vermouth']","['1 dash', '1 oz', '1 oz', '1 oz']"
11149,Boxcar,Ordinary Drink,True,Whiskey sour glass,"['Gin', 'Triple sec', 'Lemon juice', 'Grenadine', 'Egg white']","['1 1/2 oz ', '1 oz ', '1 tsp ', '1/2 tsp ', '1 ']"
13222,Big Red,Shot,True,Shot glass,"['Irish cream', 'Goldschlager']","['1/2 oz ', '1/2 oz ']"
17195,Bellini,Ordinary Drink,True,Champagne Flute,"['Champagne', 'Peach schnapps']","['6 oz ', '1 oz ']"
17210,Bramble,Ordinary Drink,True,Old-Fashioned glass,"['Gin', 'lemon juice', 'Sugar syrup', 'Creme de Mure']","['4 cl', '1.5 cl', '1 cl', '1.5 cl']"
11060,Balmoral,Ordinary Drink,True,Cocktail glass,"['Scotch', 'Sweet Vermouth', 'Dry Vermouth', 'Bitters']","['1 1/2 oz ', '1/2 oz ', '1/2 oz ', '2 dashes ']"
11120,Bluebird,Ordinary Drink,True,Cocktail glass,"['Gin', 'Triple sec', 'Blue Curacao', 'Bitters', 'Maraschino cherry', 'Lemon peel']","['1 1/2 oz ', '1/2 oz ', '1/2 oz ', '2 dashes ', '1 ', '1 twist of ']"
178310,Brooklyn,Cocktail,True,Cocktail glass,"['Rye Whiskey', 'Dry Vermouth', 'Maraschino Liqueur', 'Angostura Bitters', 'Maraschino Cherry']","['2 oz', '1 oz', '1/4 oz', '3 dashes', '1']"
11124,Boomerang,Ordinary Drink,True,Cocktail glass,"['Gin', 'Dry Vermouth', 'Bitters', 'Maraschino liqueur', 'Maraschino cherry']","['2 oz ', '1/2 oz ', '2 dashes ', '1/2 tsp ', '1 ']"
12572,Bora Bora,Cocktail,False,Highball glass,"['Pineapple juice', 'Passion fruit juice', 'Lemon juice', 'Grenadine']","['10 cl ', '6 cl ', '1 cl ', '1 cl ']"
17209,Barracuda,Ordinary Drink,True,Margarita glass,"['Rum', 'Galliano', 'Pineapple Juice', 'Lime Juice', 'Prosecco']","['4.5 cl', '1.5 cl', '6 cl', ' 1 dash', 'top up ']"
17035,Buccaneer,Beer,True,Beer pilsner,"['Corona', 'Bacardi Limon']","['1 ', '1 shot ']"
17825,Brigadier,Cocktail,True,Coupe Glass,"['Hot Chocolate', 'Green Chartreuse', 'Cherry Heering']","['4 oz', '1 oz', '1 oz']"
178311,Broadside,Cocktail,True,Highball glass,"['151 proof rum', 'Scotch', 'Bitters', 'Wormwood', 'Ice', '', '']","['1 shot', '1/2 shot', '3 drops', '1 Fresh', 'cubes', '', '']"
11106,Blackthorn,Ordinary Drink,True,Cocktail glass,"['Sweet Vermouth', 'Sloe gin', 'Lemon peel']","['1 oz ', '1 1/2 oz ', '1 twist of ']"
13395,Bob Marley,Shot,True,Shot glass,"['Midori melon liqueur', 'Jägermeister', 'Goldschlager']","['1/2 oz ', '1/2 oz ', '1/2 oz ']"
14730,Bubble Gum,Shot,True,Shot glass,"['Vodka', 'Banana liqueur', 'Orange juice', 'Peach schnapps']","['1/4 ', '1/4 ', '1/4 ', '1/4 ']"
16986,Bible Belt,Other/Unknown,True,Highball glass,"['Southern Comfort', 'Triple sec', 'Lime', 'Sour mix']","['2 oz ', '1/2 oz ', '2 wedges ', '2 oz ']"
17120,Brain Fart,Punch / Party Drink,True,Punch bowl,"['Everclear', 'Vodka', 'Mountain Dew', 'Surge', 'Lemon juice', 'Rum']","['1 fifth ', '1 fifth Smirnoff red label ', '2 L ', '2 L ', '1 small bottle ', '1 pint ']"
11113,Bloody Mary,Ordinary Drink,True,Old-fashioned glass,"['Vodka', 'Tomato juice', 'Lemon juice', 'Worcestershire sauce', 'Tabasco sauce', 'Lime']","['1 1/2 oz ', '3 oz ', '1 dash ', '1/2 tsp ', '2-3 drops ', '1 wedge ']"
11117,Blue Lagoon,Ordinary Drink,True,Highball glass,"['Vodka', 'Blue Curacao', 'Lemonade', 'Cherry']","['1 oz ', '1 oz ', None, None]"
11129,Boston Sour,Ordinary Drink,True,Whiskey sour glass,"['Blended whiskey', 'Lemon', 'Powdered sugar', 'Egg white', 'Lemon', 'Cherry']","['2 oz ', 'Juice of 1/2 ', '1 tsp ', '1 ', '1 slice ', '1 ']"
17185,Casino,Ordinary Drink,True,Cocktail glass,"['Gin', 'Maraschino liqueur', 'Lemon juice', 'Orange bitters', 'Cherry']","['2 oz ', '1/4 tsp ', '1/4 tsp ', '2 dashes ', '1 ']"
11202,Caipirinha,Ordinary Drink,True,Old-fashioned glass,"['Sugar', 'Lime', 'Cachaca']","['2 tsp', '1 ', '2 1/2 oz ']"
11239,Cherry Rum,Ordinary Drink,True,Cocktail glass,"['Light rum', 'Cherry brandy', 'Light cream']","['1 1/4 oz ', '1 1/2 tsp ', '1 tblsp ']"
11288,Cuba Libre,Ordinary Drink,True,Highball glass,"['Light rum', 'Lime', 'Coca-Cola']","['2 oz ', 'Juice of 1/2 ', None]"
13751,Cuba Libra,Ordinary Drink,True,Highball glass,"['Dark rum', 'Lime', 'Coca-Cola', 'Ice']","['1-2 shot ', 'Squeeze ', 'Fill with ', None]"
14181,Cafe Savoy,Coffee / Tea,True,Coffee mug,"['Coffee', 'Milk', 'Triple sec', 'Brandy']","[None, '1/2 oz ', '1/2 oz ', None]"
14608,Cream Soda,Cocktail,True,Highball glass,"['Spiced rum', 'Ginger ale']","['1 oz ', None]"
17830,Corn n Oil,Cocktail,True,Old-fashioned glass,"['Lime', 'Falernum', 'Angostura Bitters', 'Añejo rum', 'blackstrap rum']","['1/2', '1/3 oz', '2 dashes', '1 oz', '1 oz']"
11222,Casa Blanca,Ordinary Drink,True,Cocktail glass,"['Light rum', 'Triple sec', 'Lime juice', 'Maraschino liqueur']","['2 oz ', '1 1/2 tsp ', '1 1/2 tsp ', '1 1/2 tsp ']"
17186,Clover Club,Ordinary Drink,True,Cocktail glass,"['Gin', 'Grenadine', 'Lemon', 'Egg white']","['1 1/2 oz ', '2 tsp ', 'Juice of 1/2 ', '1 ']"
17135,Citrus Coke,Soft Drink / Soda,True,Highball Glass,"['Bacardi Limon', 'Coca-Cola']","['1 part ', '2 parts ']"
11242,Chicago Fizz,Ordinary Drink,True,Highball glass,"['Light rum', 'Port', 'Lemon', 'Powdered sugar', 'Egg white', 'Carbonated water']","['1 oz ', '1 oz ', 'Juice of 1/2 ', '1 tsp ', '1 ', None]"
11251,City Slicker,Ordinary Drink,True,Cocktail glass,"['Brandy', 'Triple sec', 'Lemon juice']","['2 oz ', '1/2 oz ', '1 tblsp ']"
12800,Coffee-Vodka,Homemade Liqueur,True,Collins Glass,"['Water', 'Sugar', 'Coffee', 'Vanilla', 'Vodka', 'Caramel coloring']","['2 cups ', '2 cups white ', '1/2 cup instant ', '1/2', '1 1/2 cup', None]"
13206,Caipirissima,Ordinary Drink,True,Collins Glass,"['Lime', 'Sugar', 'White rum', 'Ice']","['2 ', '2 tblsp ', '2-3 oz ', 'crushed ']"
16047,Campari Beer,Beer,True,Beer mug,"['Lager', 'Campari']","['1 bottle ', '1 1/2 cl ']"
17196,Cosmopolitan,Cocktail,True,Cocktail glass,"['Absolut Citron', 'Lime juice', 'Cointreau', 'Cranberry juice']","['1 1/4 oz ', '1/4 oz ', '1/4 oz ', '1/4 cup ']"
11224,Casino Royale,Ordinary Drink,True,Whiskey sour glass,"['Gin', 'Lemon juice', 'Maraschino liqueur', 'Orange bitters', 'Egg yolk']","['2 oz ', '1/2 oz ', '1 tsp ', '1 dash ', '1 ']"
11255,Clove Cocktail,Ordinary Drink,True,Cocktail glass,"['Sweet Vermouth', 'Sloe gin', 'Wine']","['1 oz ', '1/2 oz ', '1/2 oz Muscatel ']"
12798,Coffee Liqueur,Homemade Liqueur,True,Collins Glass,"['Coffee', 'Vanilla extract', 'Sugar', 'Vodka', 'Water']","['10 tblsp instant ', '4 tblsp ', '2 1/2 cups ', '1 qt ', '2 1/2 cups ']"
13328,Chocolate Milk,Shot,True,Shot Glass,"['Chocolate liqueur', 'Milk', 'Amaretto']","['1/2 shot ', '1/2 shot ', '1 dash ']"
17108,Coke and Drops,Soft Drink / Soda,False,Cocktail glass,"['Coca-Cola', 'Lemon juice']","['1 dl ', '7 drops ']"
12734,Chocolate Drink,Cocoa,False,Coffee mug,"['Chocolate', 'Milk', 'Water']","['125 gr', '3/4 L ', None]"
12808,Creme de Menthe,Homemade Liqueur,True,Collins Glass,"['Sugar', 'Water', 'Grain alcohol', 'Peppermint extract', 'Food coloring']","['8 cups ', '6 cups ', '1 pint ', '1 oz pure ', '1 tblsp green ']"
17187,Derby,Ordinary Drink,True,Cocktail glass,"['gin', 'Peach Bitters', 'Mint']","['6 cl', '2 dashes', '2 Fresh leaves']"
13128,Diesel,Beer,True,Pint glass,"['Lager', 'Cider', 'Blackcurrant cordial']","['1/2 pint ', '1/2 pint ', '1 dash ']"
11006,Daiquiri,Ordinary Drink,True,Cocktail glass,"['Light rum', 'Lime', 'Powdered sugar']","['1 1/2 oz ', 'Juice of 1/2 ', '1 tsp ']"
15409,Danbooka,Coffee / Tea,True,Coffee Mug,"['Coffee', 'Everclear']","['3 parts ', '1 part ']"
11320,Dragonfly,Ordinary Drink,True,Highball glass,"['Gin', 'Ginger ale', 'Lime']","['1 1/2 oz ', '4 oz ', '1 ']"
16991,Downshift,Punch / Party Drink,True,Hurricane glass,"['Fruit punch', 'Sprite', 'Tequila', '151 proof rum']","['2 part ', '1 part ', '2 shots ', 'Float Bacardi ']"
11324,Dry Rob Roy,Ordinary Drink,True,Cocktail glass,"['Scotch', 'Dry Vermouth', 'Lemon peel']","['2 1/2 oz ', '1 1/2 tsp ', '1 twist of ']"
11005,Dry Martini,Cocktail,True,Cocktail glass,"['Gin', 'Dry Vermouth', 'Olive']","['1 2/3 oz ', '1/3 oz ', '1 ']"
14466,Dirty Nipple,Shot,True,Shot glass,"['Kahlua', 'Sambuca', 'Baileys irish cream']","[None, None, None]"
17181,Dirty Martini,Cocktail,True,Cocktail glass,"['Vodka', 'Dry Vermouth', 'Olive Brine', 'Lemon', 'Olive']","['70ml/2fl oz', '1 tbsp', '2 tbsp', '1 wedge', '1']"
14482,Darkwood Sling,Soft Drink / Soda,True,Cocktail glass,"['Cherry Heering', 'Soda water', 'Orange juice', 'Ice']","['1 part ', '1 part ', '1 part ', 'cubes']"
17177,Dark Caipirinha,Cocktail,True,Highball glass,"['demerara Sugar', 'Lime', 'Cachaca']","['2 tsp ', '1', '2 1/2 oz']"
17182,Duchamp's Punch,Cocktail,True,Old-fashioned glass,"['Pisco', 'Lime Juice', 'Pineapple Syrup', 'St. Germain', 'Angostura Bitters', 'Pepper', 'Lavender']","['5 cl', '2.5 cl', '2.5 cl', '1.5 cl', '2 Dashes', 'Pinch', '2 sprigs']"
17211,Dark and Stormy,Ordinary Drink,True,Highball glass,"['Dark Rum', 'Ginger Beer']","['5 cl', '10 cl']"
13194,Damned if you do,Shot,True,Shot glass,"['Whiskey', 'Hot Damn']","['0.75 oz ', '0.25 oz ']"
11326,Dubonnet Cocktail,Ordinary Drink,True,Cocktail glass,"['Dubonnet Rouge', 'Gin', 'Bitters', 'Lemon peel']","['1 1/2 oz ', '3/4 oz ', '1 dash ', '1 twist of ']"
12668,Egg Cream,Other/Unknown,False,Coffee mug,"['Chocolate syrup', 'Milk', 'Soda water']","['2 tblsp ', '6 oz whole ', '6 oz ']"
12910,Egg Nog #4,Punch / Party Drink,True,Punch bowl,"['Egg yolk', 'Sugar', 'Milk', 'Light rum', 'Bourbon', 'Vanilla extract', 'Salt', 'Whipping cream', 'Egg white', 'Sugar', 'Nutmeg']","['6 ', '1/4 cup ', '2 cups ', '1/2 cup ', '1/2 cup ', '1 tsp ', '1/4 tsp ', '1 cup ', '6 ', '1/4 cup ', 'Ground ']"
11338,English Highball,Ordinary Drink,True,Highball glass,"['Brandy', 'Gin', 'Sweet Vermouth', 'Carbonated water', 'Lemon peel']","['3/4 oz ', '3/4 oz ', '3/4 oz ', None, None]"
17212,Espresso Martini,Cocktail,True,Cocktail glass,"['Vodka', 'Kahlua', 'Sugar syrup']","['5 cl', '1 cl', '1 dash']"
178309,Espresso Rumtini,Cocktail,True,Cocktail glass,"['Rum', 'Vanilla syrup', 'Espresso', 'Coffee']","['1 shot', '1/2 shot', '1 shot', '1 shot']"
12916,Egg Nog - Healthy,Punch / Party Drink,True,Collins Glass,"['Egg', 'Sugar', 'Condensed milk', 'Milk', 'Vanilla extract', 'Rum', 'Nutmeg']","['1/2 cup ', '3 tblsp ', '13 oz skimmed ', '3/4 cup skimmed ', '1 tsp ', '1 tsp ', '\n']"
11339,English Rose Cocktail,Ordinary Drink,True,Cocktail glass,"['Apricot brandy', 'Gin', 'Dry Vermouth', 'Grenadine', 'Lemon juice', 'Cherry']","['3/4 oz ', '1 1/2 oz ', '3/4 oz ', '1 tsp ', '1/4 tsp ', '1 ']"
12914,Egg-Nog - Classic Cooked,Punch / Party Drink,True,Pitcher,"['Egg', 'Sugar', 'Salt', 'Milk', 'Vanilla extract']","['6 ', '1/4 cup ', '1/4 tsp ', '1 qt ', '1 tsp ']"
12768,Frappé,Coffee / Tea,False,Highball Glass,"['Coffee', 'Milk', 'Sugar']","['1/2 cup black ', '1/2 cup ', '1-2 tsp ']"
11375,Foxy Lady,Ordinary Drink,True,Cocktail glass,"['Amaretto', 'Creme de Cacao', 'Light cream']","['1/2 oz ', '1/2 oz ', '2 oz ']"
17197,French 75,Ordinary Drink,True,Collins glass,"['Gin', 'Sugar', 'Lemon juice', 'Champagne', 'Orange', 'Maraschino cherry']","['1 1/2 oz ', '2 tsp superfine ', '1 1/2 oz ', '4 oz Chilled ', '1 ', '1 ']"
11379,"French ""75""",Ordinary Drink,True,Collins glass,"['Gin', 'Sugar', 'Lemon juice', 'Champagne', 'Orange', 'Maraschino cherry']","['1 1/2 oz ', '2 tsp superfine ', '1 1/2 oz ', '4 oz Chilled ', '1 ', '1 ']"
11382,Frisco Sour,Ordinary Drink,True,Whiskey sour glass,"['Blended whiskey', 'Benedictine', 'Lemon', 'Lime', 'Lemon', 'Lime']","['2 oz ', '1/2 oz ', 'Juice of 1/4 ', 'Juice of 1/2 ', '1 slice ', '1 slice ']"
12674,Fruit Shake,Other/Unknown,False,Highball Glass,"['Yoghurt', 'Banana', 'Orange juice', 'Fruit', 'Ice']","['1 cup fruit ', '1 ', '4 oz frozen ', '1/2 piece textural ', '6 ']"
12670,Fruit Cooler,Other/Unknown,False,Highball Glass,"['Apple juice', 'Strawberries', 'Sugar', 'Lemon', 'Apple', 'Soda water', 'Ice']","['1 can frozen ', '1 cup ', '2 tblsp ', '1 ', '1 ', '1 L ', None]"
14688,Freddy Kruger,Shot,True,Shot glass,"['Jägermeister', 'Sambuca', 'Vodka']","['1/2 oz ', '1/2 oz ', '1/2 oz ']"
15743,Fuzzy Asshole,Coffee / Tea,True,Coffee mug,"['Coffee', 'Peach schnapps']","['1/2 ', '1/2 ']"
17213,French Martini,Cocktail,True,Cocktail glass,"['Vodka', 'Raspberry Liqueur', 'pineapple juice']","['4.5 cl', '1.5 cl', '1.5 cl']"
17248,French Negroni,Cocktail,True,Martini Glass,"['Gin', 'Lillet', 'Sweet Vermouth', 'Orange Peel']","['1 oz', '1 oz', '1 oz', '1']"
11368,Flying Dutchman,Ordinary Drink,True,Old-fashioned glass,"['Gin', 'Triple sec']","['2 oz ', '1/2 oz ']"
11387,Frozen Daiquiri,Ordinary Drink,True,Champagne flute,"['Light rum', 'Triple sec', 'Lime juice', 'Sugar', 'Cherry', 'Ice']","['1 1/2 oz ', '1 tblsp ', '1 1/2 oz ', '1 tsp ', '1 ', '1 cup crushed ']"
12672,Fruit Flip-Flop,Other/Unknown,False,Highball Glass,"['Yoghurt', 'Fruit juice']","['1 cup ', '1 cup ']"
13070,Fahrenheit 5000,Shot,True,Shot glass,"['Firewater', 'Absolut Peppar', 'Tabasco sauce']","['1/2 oz ', '1/2 oz ', '1 dash ']"
11369,Flying Scotchman,Ordinary Drink,True,Cocktail glass,"['Scotch', 'Sweet Vermouth', 'Bitters', 'Sugar syrup']","['1 oz ', '1 oz ', '1 dash ', '1/4 tsp ']"
17198,French Connection,Ordinary Drink,True,Old-fashioned glass,"['Cognac', 'Amaretto']","['1 1/2 oz ', '3/4 oz ']"
13202,Flaming Dr. Pepper,Shot,True,Collins Glass,"['Amaretto', 'Vodka', '151 proof rum', 'Dr. Pepper', 'Beer']","['1 oz ', '1 oz ', '1 oz Bacardi ', '1 oz ', '1 oz ']"
13675,Flander's Flake-Out,Ordinary Drink,True,Collins Glass,"['Sambuca', 'Sarsaparilla']","['1/4 glass ', '3/4 glass ']"
16485,Flaming Lamborghini,Cocktail,True,Cocktail glass,"['Kahlua', 'Sambuca', 'Blue Curacao', 'Baileys irish cream']","['1 oz ', '1 oz ', '1 oz ', '1 oz ']"
11390,Frozen Mint Daiquiri,Ordinary Drink,True,Old-fashioned glass,"['Light rum', 'Lime juice', 'Mint', 'Sugar']","['2 oz ', '1 tblsp ', '6 ', '1 tsp ']"
15997,GG,Ordinary Drink,True,Collins Glass,"['Galliano', 'Ginger ale', 'Ice']","['2 1/2 shots ', None, None]"
17255,Gimlet,Cocktail,True,Martini Glass,"['Gin', 'Lime Juice', 'Sugar Syrup', 'Lime']","['2 1/2 oz', '1/2 oz', '1/2 oz', '1']"
11410,Gin Fizz,Ordinary Drink,True,Highball glass,"['Gin', 'Lemon', 'Powdered sugar', 'Carbonated water']","['2 oz ', 'Juice of 1/2 ', '1 tsp ', None]"
11417,Gin Sour,Ordinary Drink,True,Whiskey sour glass,"['Gin', 'Lemon juice', 'Sugar', 'Orange', 'Maraschino cherry']","['2 oz ', '1 oz ', '1/2 tsp superfine ', '1 ', '1 ']"
11422,Godchild,Ordinary Drink,True,Champagne flute,"['Vodka', 'Amaretto', 'Heavy cream']","['1 oz ', '1 oz ', '1 oz ']"
11408,Gin Daisy,Ordinary Drink,True,Old-fashioned glass,"['Gin', 'Lemon juice', 'Sugar', 'Grenadine', 'Maraschino cherry', 'Orange']","['2 oz ', '1 oz ', '1/2 tsp superfine ', '1/2 tsp ', '1 ', '1 ']"
11415,Gin Sling,Ordinary Drink,True,Old-fashioned glass,"['Gin', 'Lemon', 'Powdered sugar', 'Water', 'Orange peel']","['2 oz ', 'Juice of 1/2 ', '1 tsp ', '1 tsp ', 'Twist of ']"
11416,Gin Smash,Ordinary Drink,True,Old-fashioned glass,"['Gin', 'Carbonated water', 'Sugar', 'Mint', 'Orange', 'Cherry']","['2 oz ', '1 oz ', '1 cube ', '4 ', '1 slice ', '1 ']"
11420,Gin Toddy,Ordinary Drink,True,Old-fashioned glass,"['Gin', 'Water', 'Powdered sugar', 'Lemon peel']","['2 oz ', '2 tsp ', '1/2 tsp ', '1 twist of ']"
11423,Godfather,Ordinary Drink,True,Old-fashioned glass,"['Scotch', 'Amaretto']","['1 1/2 oz ', '3/4 oz ']"
11424,Godmother,Ordinary Drink,True,Old-fashioned glass,"['Vodka', 'Amaretto']","['1 1/2 oz ', '3/4 oz ']"
12758,Gagliardo,Cocktail,True,Cocktail glass,"['Peach Vodka', 'Lemon juice', 'Galliano', 'Sirup of roses']","['5 parts ', '3 parts ', '1 part ', '1 part ']"
12944,Gluehwein,Punch / Party Drink,True,Irish coffee cup,"['Red wine', 'Water', 'Sugar', 'Cinnamon', 'Cloves', 'Lemon peel']","['1 L ', '125 ml ', '60 gr ', '1 ', '3 ', '1 tblsp ']"
17252,Greyhound,Cocktail,True,Collins glass,"['Vodka', 'Grapefruit Juice']","['1 1/2 oz', '3 oz']"
11407,Gin Cooler,Ordinary Drink,True,Collins glass,"['Gin', 'Carbonated water', 'Powdered sugar', 'Orange spiral', 'Lemon peel']","['2 oz ', None, None, None, None]"
11418,Gin Squirt,Ordinary Drink,True,Highball glass,"['Gin', 'Grenadine', 'Powdered sugar', 'Pineapple', 'Strawberries', 'Carbonated water']","['1 1/2 oz ', '1 tsp ', '1 tblsp ', '3 chunks', '2 ', None]"
15427,Grand Blue,Ordinary Drink,True,Old-fashioned glass,"['Malibu rum', 'Peach schnapps', 'Blue Curacao', 'Sweet and sour']","['1 1/2 cl ', '1 1/2 cl ', '1 1/2 cl ', '3 cl ']"
17230,Gin Rickey,Cocktail,True,Highball glass,"['Gin', 'Grenadine', 'lemon', 'Soda Water', 'Lime']","['2 oz ', '1 tsp ', 'Juice of 1/2 ', 'Top up with', 'Garnish']"
11419,Gin Swizzle,Ordinary Drink,True,Highball glass,"['Lime juice', 'Sugar', 'Gin', 'Bitters', 'Club soda']","['1 1/2 oz ', '1 tsp superfine ', '2 oz ', '1 dash ', '3 oz ']"
11433,Grass Skirt,Ordinary Drink,True,Old-fashioned glass,"['Gin', 'Triple sec', 'Pineapple juice', 'Grenadine', 'Pineapple']","['1 1/2 oz ', '1 oz ', '1 oz ', '1/2 tsp ', '1 ']"
14642,Grim Reaper,Ordinary Drink,True,Old-fashioned glass,"['Kahlua', '151 proof rum', 'Grenadine']","['1 oz ', '1 oz Bacardi ', '1 dash ']"
17200,Grasshopper,Ordinary Drink,True,Cocktail glass,"['Green Creme de Menthe', 'Creme de Cacao', 'Light cream']","['3/4 oz ', '3/4 oz white ', '3/4 oz ']"
12762,Grizzly Bear,Ordinary Drink,True,Collins Glass,"['Amaretto', 'Jägermeister', 'Kahlua', 'Milk']","['1 part ', '1 part ', '1 part ', '2 1/2 parts ']"
13497,Green Goblin,Beer,True,Pint glass,"['Cider', 'Lager', 'Blue Curacao']","['1/2 pint hard ', '1/2 pint ', '1 shot ']"
16262,H.D.,Coffee / Tea,True,Beer mug,"['Whisky', 'Baileys irish cream', 'Coffee']","['4 cl ', '8 cl ', None]"
178316,Honey Bee,Cocktail,True,Margarita glass,"['White Rum', 'Honey', 'Lemon Juice', '', '', '', '']","['6 cl', '2 cl', '2 cl', '', '', '', '']"
15813,Herbal flame,Coffee / Tea,True,Mason jar,"['Hot Damn', 'Tea']","['5 shots ', 'very sweet ']"
17202,Horse's Neck,Ordinary Drink,True,Highball glass,"['Lemon peel', 'Brandy', 'Ginger ale', 'Bitters']","['1 long strip ', '2 oz ', '5 oz ', '2 dashes ']"
12766,Happy Skipper,Ordinary Drink,True,Highball glass,"['Spiced rum', 'Ginger ale', 'Lime', 'Ice']","['1 1/2 cl ', None, None, None]"
17239,Hunter's Moon,Cocktail,True,Balloon Glass,"['Vermouth', 'Maraschino Cherry', 'Sugar Syrup', 'Lemonade', 'Blackberries']","['25 ml', '15 ml', '10 ml', '100 ml', '2']"
11470,Havana Cocktail,Ordinary Drink,True,Cocktail glass,"['Light rum', 'Pineapple juice', 'Lemon juice']","['1 oz ', '1 oz ', '1 tsp ']"
12954,Holloween Punch,Punch / Party Drink,False,Punch bowl,"['Grape juice', 'Carbonated soft drink', 'Sherbet', 'Sherbet']","[None, ', orange\n', None, None]"
14782,Hot Creamy Bush,Coffee / Tea,True,Irish coffee cup,"['Irish whiskey', 'Baileys irish cream', 'Coffee']","['1 shot ', '3/4 shot ', '6 oz hot ']"
17044,Homemade Kahlua,Homemade Liqueur,True,Collins Glass,"['Sugar', 'Corn syrup', 'Coffee', 'Vanilla extract', 'Water', 'Vodka']","['2 1/2 cups ', '1 cup ', '1 1/2 oz instant ', '2 oz ', '3 cups boiling ', '1 fifth ']"
178313,Halloween Punch,Punch / Party Drink,True,Punch bowl,"['Cherry Juice', 'Orange Peel', 'Red Chili Flakes', 'Cloves', 'Ginger', 'Vodka', '']","['1 bottle', '3', '1', '10', '6', '20 cl', '']"
11462,Harvey Wallbanger,Ordinary Drink,True,Collins glass,"['Vodka', 'Galliano', 'Orange juice']","['1 oz ', '1/2 oz ', '4 oz ']"
11472,Hawaiian Cocktail,Ordinary Drink,True,Cocktail glass,"['Gin', 'Triple sec', 'Pineapple juice']","['2 oz ', '1/2 oz ', '1 tblsp ']"
17201,Hemingway Special,Ordinary Drink,True,Cocktail glass,"['Rum', 'Grapefruit Juice', 'Maraschino Liqueur', 'Lime Juice']","['12 parts', '8 parts', '3 parts', '3 parts']"
11476,Highland Fling Cocktail,Ordinary Drink,True,Cocktail glass,"['Scotch', 'Sweet Vermouth', 'Orange bitters', 'Olive']","['1 1/2 oz ', '3/4 oz ', '2 dashes ', '1 ']"
17176,Ipamena,Ordinary Drink,True,Wine Glass,"['Lime', 'Brown sugar', 'Passion fruit juice', 'Ginger ale', 'Ice']","['½', '2 tsp', '4 cl', 'top up with', 'fill']"
12770,Iced Coffee,Coffee / Tea,False,Coffee mug,"['Coffee', 'Sugar', 'Water', 'Milk']","['1/4 cup instant ', '1/4 cup ', '1/4 cup hot ', '4 cups cold ']"
12820,Irish Cream,Homemade Liqueur,True,Irish coffee cup,"['Scotch', 'Half-and-half', 'Condensed milk', 'Coconut syrup', 'Chocolate syrup']","['1 cup ', '1 1/4 cup ', '1 can sweetened ', '3 drops ', '1 tblsp ']"
13539,Ice Pick #1,Ordinary Drink,True,Collins Glass,"['Vodka', 'Iced tea', 'Lemon juice']","['1 1/2 oz ', '6 oz ', ' to taste\n']"
11528,Irish Spring,Ordinary Drink,True,Collins glass,"['Irish whiskey', 'Peach brandy', 'Orange juice', 'Sweet and sour', 'Orange', 'Cherry']","['1 oz ', '1/2 oz ', '1 oz ', '1 oz ', '1 slice ', '1 ']"
13971,Irish Coffee,Coffee / Tea,True,Irish coffee cup,"['Irish whiskey', 'Coffee', 'Sugar', 'Whipped cream']","['1 1/2 oz ', '8 oz ', '1 tsp ', '1 tblsp ']"
11524,Imperial Fizz,Ordinary Drink,True,Highball glass,"['Light rum', 'Blended whiskey', 'Lemon', 'Powdered sugar', 'Carbonated water']","['1/2 oz ', '1 1/2 oz ', 'Juice of 1/2 ', '1 tsp ', None]"
17015,Irish Russian,Beer,True,Highball glass,"['Vodka', 'Kahlua', 'Coca-Cola', 'Guinness stout']","['1 shot ', '1 shot ', '1 dash ', 'Fill with ']"
12706,Imperial Cocktail,Cocktail,True,Cocktail glass,"['Lime juice', 'Gin', 'Aperol']","['4 cl ', '2 cl ', '4 cl ']"
12772,Iced Coffee Fillip,Coffee / Tea,True,Coffee mug,"['Kahlua', 'Coffee']","['2 tsp ', 'Strong cold ']"
16178,Jitterbug,Cocktail,True,Cocktail Glass,"['Gin', 'Vodka', 'Grenadine', 'Lime juice', 'Sugar', 'Sugar syrup', 'Soda water']","['2 jiggers ', '1 jigger ', '3 dashes ', '1 shot ', 'Around rim put 1 pinch ', '3 dashes ', 'Fill to top with ']"
17178,Jam Donut,Shot,True,Shot glass,"['Baileys irish cream', 'Chambord raspberry liqueur', 'Sugar syrup', 'Sugar']","['2/3 oz', '1/3 oz', '1 tsp', '2 pinches']"
13775,Jelly Bean,Shot,True,Cordial glass,"['Blackberry brandy', 'Anis']","['1 oz ', '1 oz ']"
13847,Jackhammer,Ordinary Drink,True,Collins Glass,"['Jack Daniels', 'Amaretto']","['1 oz ', '1 oz ']"
14956,Jello shots,Shot,True,Shot glass,"['Vodka', 'Jello', 'Water']","['2 cups ', '3 packages ', '3 cups ']"
11580,John Collins,Ordinary Drink,True,Collins glass,"['Bourbon', 'Lemon juice', 'Sugar', 'Club soda', 'Maraschino cherry', 'Orange']","['2 oz ', '1 oz ', '1 tsp superfine ', '3 oz ', '1 ', '1 ']"
14095,Jamaica Kiss,Milk / Float / Shake,True,Hurricane glass,"['Coffee liqueur', 'Light rum', 'Ice', 'Milk']","['1 shot ', '1 shot Jamaican ', 'cubes', None]"
11558,Japanese Fizz,Ordinary Drink,True,Highball glass,"['Blended whiskey', 'Lemon', 'Powdered sugar', 'Port', 'Egg white', 'Carbonated water']","['1 1/2 oz ', 'Juice of 1/2 ', '1 tsp ', '1 tblsp', '1 ', None]"
12688,Just a Moonmint,Milk / Float / Shake,False,Highball Glass,"['Milk', 'Chocolate syrup', 'Mint syrup']","['2 cups ', None, None]"
15825,Jamaican Coffee,Coffee / Tea,True,Champagne flute,"['Rum', 'Coffee', 'Water', 'Whipped cream']","['1/6 glass ', '1/6 glass strong black ', '1/2 glass cold ', None]"
11566,Jewel Of The Nile,Ordinary Drink,True,Cocktail glass,"['Gin', 'Green Chartreuse', 'Yellow Chartreuse']","['1 1/2 oz ', '1/2 oz ', '1/2 oz ']"
11542,Jack Rose Cocktail,Ordinary Drink,True,Cocktail glass,"['Apple brandy', 'Grenadine', 'Lime']","['1 1/2 oz ', '1 tsp ', 'Juice of 1/2 ']"
17203,Kir,Ordinary Drink,True,Wine Glass,"['Creme de Cassis', 'Champagne']","['1 part ', '5 parts ']"
12764,Karsk,Ordinary Drink,True,Highball glass,"['Coffee', 'Grain alcohol']","['1 part ', '2 parts ']"
11600,Kamikaze,Ordinary Drink,True,Cocktail glass,"['Vodka', 'Triple sec', 'Lime juice']","['1 oz ', '1 oz ', '1 oz ']"
13837,Kir Royale,Ordinary Drink,True,Champagne Flute,"['Creme de Cassis', 'Champagne']","['1 part ', '5 parts ']"
14456,Kurant Tea,Coffee / Tea,True,Champagne flute,"['Absolut Kurant', 'Tea', 'Sugar']","['4 cl ', 'Turkish apple ', ' (if needed)\n']"
14752,Kiwi Lemon,Ordinary Drink,True,Highball glass,"['Kiwi liqueur', 'Bitter lemon', 'Ice']","['1 part ', '2 parts ', 'cubes']"
16951,Kioki Coffee,Coffee / Tea,True,Coffee mug,"['Kahlua', 'Brandy', 'Coffee']","['1 oz ', '1/2 oz ', None]"
13190,Kool-Aid Shot,Shot,True,Old-fashioned glass,"['Vodka', 'Amaretto', 'Sloe gin', 'Triple sec', 'Cranberry juice']","['1 shot ', '1 shot ', '1 shot ', '1 shot ', None]"
15026,Kiss me Quick,Ordinary Drink,True,Highball glass,"['Cranberry vodka', 'Apfelkorn', 'Schweppes Russchian', 'Apple juice', 'Ice']","['4 cl ', '2 cl ', '7 cl ', '8 cl ', 'cubes']"
17006,Kool First Aid,Shot,True,Shot glass,"['151 proof rum', 'Kool-Aid']","['2 oz light ', '1/2 tsp Tropical ']"
11602,Kentucky B And B,Ordinary Drink,True,Brandy snifter,"['Bourbon', 'Benedictine']","['2 oz ', '1/2 oz ']"
11604,Kentucky Colonel,Ordinary Drink,True,Cocktail glass,"['Bourbon', 'Benedictine', 'Lemon peel']","['3 oz ', '1/2 oz ', '1 twist of ']"
14446,Kool-Aid Slammer,Shot,True,Shot glass,"['Kool-Aid', 'Vodka']","['1/2 oz Grape ', '1/2 oz ']"
12714,Kiwi Papaya Smoothie,Other/Unknown,False,Highball Glass,"['Kiwi', 'Papaya']","['3 ', '1/2 ']"
12704,Limeade,Other/Unknown,False,Highball glass,"['Lime', 'Sugar', 'Soda water', 'Lime peel']","['Juice of 1 ', '1 tblsp ', ' (seltzer water)\n', None]"
14378,Lunch Box,Beer,True,Pint glass,"['Beer', 'Amaretto', 'Orange juice']","['3/4 bottle ', '1 shot ', '1 oz ']"
12752,Lemon Shot,Shot,True,Shot glass,"['Galliano', 'Absolut Citron', 'Lemon', 'Sugar', '151 proof rum']","['1/2 oz ', '1/2 oz ', ' wedge\n', 'Bacardi ', None]"
13196,Long vodka,Ordinary Drink,True,Highball glass,"['Vodka', 'Lime', 'Angostura bitters', 'Tonic water', 'Ice']","['5 cl ', '1/2 ', '4 dashes ', '1 dl Schweppes ', '4 ']"
14366,Lemon Drop,Cocktail,True,Cocktail glass,"['Absolut Vodka', 'Cointreau', 'Lemon']","['1 1/2 shot ', '1 1/2 shot ', 'Juice of 1 wedge ']"
11658,Loch Lomond,Ordinary Drink,True,Cocktail glass,"['Scotch', 'Drambuie', 'Dry Vermouth', 'Lemon peel']","['2 oz ', '1/2 oz ', '1/2 oz ', '1 twist of ']"
11662,London Town,Ordinary Drink,True,Cocktail glass,"['Gin', 'Maraschino liqueur', 'Orange bitters']","['1 1/2 oz ', '1/2 oz ', '2 dashes ']"
12692,Lassi Khara,Other/Unknown,False,Highball Glass,"['Yoghurt', 'Water', 'Salt', 'Asafoetida']","['1 cup ', '2 cups cold ', '1 tsp ', '1 pinch ']"
12694,Lassi Raita,Other/Unknown,False,Highball Glass,"['Yoghurt', 'Ice', 'Sugar', 'Lime', 'Salt']","['2 cups ', '4-6 ', None, None, None]"
12702,Lemouroudji,Other/Unknown,False,Highball Glass,"['Ginger', 'Water', 'Lemon', 'Sugar', 'Cayenne pepper']","['2 pieces ', '1 gal ', '1 lb ', '1 cup ', 'ground ']"
11670,Lord And Lady,Ordinary Drink,True,Old-fashioned glass,"['Dark rum', 'Tia maria']","['1 1/2 oz ', '1/2 oz ']"
12696,Lassi - Sweet,Other/Unknown,False,Highball glass,"['Yoghurt', 'Water', 'Sugar', 'Salt', 'Lemon juice']","['1 cup ', '2 cups cold ', '4 tblsp ', 'pinch ', '2 tblsp ']"
12698,Lassi - Mango,Other/Unknown,False,Highball glass,"['Mango', 'Yoghurt', 'Sugar', 'Water']","['2 ', '2 cups ', '1/2 cup ', '1 cup iced ']"
15086,Limona Corona,Beer,True,Beer Glass,"['Corona', 'Bacardi Limon']","['1 bottle ', '1 oz ']"
11634,Lady Love Fizz,Ordinary Drink,True,Cocktail glass,"['Gin', 'Light cream', 'Powdered sugar', 'Lemon', 'Egg white', 'Carbonated water']","['2 oz ', '2 tsp ', '1 tsp ', 'Juice of 1/2', '1 ', None]"
11002,Long Island Tea,Ordinary Drink,True,Highball glass,"['Vodka', 'Light rum', 'Gin', 'Tequila', 'Lemon', 'Coca-Cola']","['1/2 oz ', '1/2 oz ', '1/2 oz ', '1/2 oz ', 'Juice of 1/2 ', '1 splash ']"
11666,Lone Tree Cooler,Ordinary Drink,True,Collins glass,"['Carbonated water', 'Gin', 'Dry Vermouth', 'Powdered sugar', 'Orange spiral', 'Lemon peel']","[None, None, None, None, None, None]"
11664,Lone Tree Cocktail,Ordinary Drink,True,Cocktail glass,"['Sweet Vermouth', 'Gin']","['3/4 oz ', '1 1/2 oz ']"
17204,Long Island Iced Tea,Ordinary Drink,True,Highball glass,"['Vodka', 'Tequila', 'Light rum', 'Gin', 'Coca-Cola', 'Lemon peel']","['1/2 oz ', '1/2 oz ', '1/2 oz ', '1/2 oz ', '1 dash ', 'Twist of ']"
12776,Melya,Coffee / Tea,False,Coffee mug,"['Espresso', 'Honey', 'Cocoa powder']","[None, 'Unsweetened ', None]"
11000,Mojito,Cocktail,True,Highball glass,"['Light rum', 'Lime', 'Sugar', 'Mint', 'Soda water']","['2-3 oz ', 'Juice of 1 ', '2 tsp ', '2-4 ', None]"
17205,Mimosa,Ordinary Drink,True,Champagne flute,"['Champagne', 'Orange juice']","['Chilled ', '2 oz ']"
11690,Mai Tai,Ordinary Drink,True,Collins glass,"['Light rum', 'Orgeat syrup', 'Triple sec', 'Sweet and sour', 'Cherry']","['1 oz ', '1/2 oz ', '1/2 oz ', '1 1/2 oz ', '1 ']"
11728,Martini,Cocktail,True,Cocktail glass,"['Gin', 'Dry Vermouth', 'Olive']","['1 2/3 oz ', '1/3 oz ', '1 ']"
11007,Margarita,Ordinary Drink,True,Cocktail glass,"['Tequila', 'Triple sec', 'Lime juice', 'Salt']","['1 1/2 oz ', '1/2 oz ', '1 oz ', None]"
11008,Manhattan,Cocktail,True,Cocktail glass,"['Sweet Vermouth', 'Bourbon', 'Angostura bitters', 'Ice', 'Maraschino cherry', 'Orange peel']","['3/4 oz ', '2 1/2 oz Blended ', 'dash ', '2 or 3 ', '1 ', '1 twist of ']"
15841,Mojito #3,Cocktail,True,Collins glass,"['Mint', 'Lemon juice', 'Dark rum', 'Club soda', 'Angostura bitters']","['1/2 handful ', '3 cl ', '1/8 L Jamaican ', '1/8 L ', '8 drops ']"
13936,Miami Vice,Cocktail,True,Cocktail glass,"['151 proof rum', 'Pina colada mix', 'Daiquiri mix']","['5 oz Bacardi ', 'frozen ', 'frozen ']"
16041,Mudslinger,Punch / Party Drink,True,Punch bowl,"['Southern Comfort', 'Orange juice', 'Pepsi Cola']","['750 ml ', '1 L ', '750 ml ']"
16196,Moranguito,Shot,True,Shot glass,"['Absinthe', 'Tequila', 'Grenadine']","['2/5 ', '2/5 ', '1/5 ']"
17206,Mint Julep,Ordinary Drink,True,Collins glass,"['Mint', 'Bourbon', 'Powdered sugar', 'Water']","['4 fresh ', '2 1/2 oz ', '1 tsp ', '2 tsp ']"
17256,Martinez 2,Cocktail,True,Cocktail glass,"['Gin', 'Sweet Vermouth', 'Maraschino Liqueur', 'Angostura Bitters']","['1 1/2 oz', '1 1/2 oz', '1 tsp', '2 dashes']"
12774,Masala Chai,Coffee / Tea,False,Coffee Mug,"['Water', 'Tea', 'Ginger', 'Cardamom', 'Cloves', 'Cinnamon', 'Black pepper', 'Sugar', 'Milk']","['2 cups ', '3-4 tsp ', '1 chunk dried ', '3-4 crushed ', '3 ', '1 piece ', '1-2 whole ', ' to taste\n', None]"
12988,Mulled Wine,Punch / Party Drink,True,Collins Glass,"['Water', 'Sugar', 'Cloves', 'Cinnamon', 'Lemon peel', 'Red wine', 'Brandy']","['3 cups ', '1 cup ', '12 ', '2 ', '1 ', '750 ml ', '1/4 cup ']"
11009,Moscow Mule,Punch / Party Drink,True,Copper Mug,"['Vodka', 'Lime juice', 'Ginger ale']","['2 oz ', '2 oz ', '8 oz ']"
14209,Mocha-Berry,Coffee / Tea,True,Irish coffee cup,"['Coffee', 'Chambord raspberry liqueur', 'Cocoa powder', 'Whipped cream']","['6 oz ', '2 oz ', '2 tblsp ', None]"
178315,Munich Mule,Cocktail,True,Highball glass,"['Gin', 'Lime Juice', 'Ginger Beer', 'Cucumber', 'lemon', '', '']","['5 cl', '2 cl', '10 cl', 'Chopped', 'Chopped', '', '']"
17189,Monkey Gland,Ordinary Drink,True,Cocktail glass,"['Gin', 'Benedictine', 'Orange juice', 'Grenadine']","['2 oz ', '1 tsp ', '1/2 oz ', '1 tsp ']"
11798,Monkey Wrench,Ordinary Drink,True,Old-fashioned glass,"['Light rum', 'Grapefruit juice', 'Bitters']","['1 1/2 oz ', '3 oz ', '1 dash ']"
13825,Midnight Manx,Ordinary Drink,True,Old-fashioned glass,"['Kahlua', 'Baileys irish cream', 'Goldschlager', 'Heavy cream', 'Coffee']","['1 oz ', '1 oz ', 'dash ', '2 oz ', '2 oz Hazlenut ']"
14053,Mother's Milk,Shot,True,Shot glass,"['Goldschlager', 'Butterscotch schnapps', 'Milk']","['1 oz ', '1 oz ', '1 oz ']"
14842,Midnight Mint,Cocktail,True,Cocktail glass,"['Baileys irish cream', 'White Creme de Menthe', 'Cream']","['1 oz ', '3/4 oz ', '3/4 oz double ']"
17188,Mary Pickford,Cocktail,True,Cocktail glass,"['Light rum', 'Pineapple juice', 'Maraschino liqueur', 'Grenadine', 'Maraschino cherry']","['1 1/2 oz ', '1 oz ', '1/2 tsp ', '1/2 tsp ', '1 ']"
11003,Negroni,Ordinary Drink,True,Old-fashioned glass,"['Gin', 'Campari', 'Sweet Vermouth']","['1 oz ', '1 oz ', '1 oz ']"
11844,New York Sour,Ordinary Drink,True,Whiskey sour glass,"['Blended whiskey', 'Lemon', 'Sugar', 'Red wine', 'Lemon', 'Cherry']","['2 oz ', 'Juice of 1/2 ', '1 tsp ', ' (Claret)\n', None, None]"
13861,Nutty Irishman,Milk / Float / Shake,True,Highball Glass,"['Baileys irish cream', 'Frangelico', 'Milk']","['1 part ', '1 part ', '1 part ']"
13192,National Aquarium,Ordinary Drink,True,Collins Glass,"['Rum', 'Vodka', 'Gin', 'Blue Curacao', 'Sour mix', 'Lemon-lime soda']","['1/2 oz ', '1/2 oz ', '1/2 oz ', '1/2 oz ', '2 oz ', '1 splash ']"
13204,New York Lemonade,Cocktail,True,Cocktail glass,"['Absolut Citron', 'Grand Marnier', 'Lemon juice', 'Club soda']","['2 oz ', '1 oz ', '2 oz sweetened ', '1 oz ']"
11872,Orgasm,Ordinary Drink,True,Cocktail glass,"['Creme de Cacao', 'Amaretto', 'Triple sec', 'Vodka', 'Light cream']","['1/2 oz white ', '1/2 oz ', '1/2 oz ', '1/2 oz ', '1 oz ']"
17827,Old Pal,Cocktail,True,Nick and Nora Glass,"['Rye whiskey', 'Campari', 'Dry Vermouth']","['2 oz', '1 oz', '1 oz']"
12618,Orangeade,Cocktail,False,Highball glass,"['Lemon juice', 'Orange juice', 'Sugar syrup', 'Soda water']","['5 cl ', '15 cl ', '2-3 cl ', None]"
16995,Orange Whip,Other/Unknown,True,Collins Glass,"['Orange juice', 'Rum', 'Vodka', 'Cream', 'Ice']","['4 oz ', '1 oz ', '1 oz ', '1 package ', 'Over ']"
11870,Orange Oasis,Ordinary Drink,True,Highball glass,"['Cherry brandy', 'Gin', 'Orange juice', 'Ginger ale']","['1/2 oz ', '1 1/2 oz ', '4 oz ', None]"
15330,Orange Crush,Shot,True,Shot glass,"['Vodka', 'Triple sec', 'Orange juice']","['1 oz ', '1 oz ', '1 oz ']"
11001,Old Fashioned,Cocktail,True,Old-fashioned glass,"['Bourbon', 'Angostura bitters', 'Sugar', 'Water']","['4.5 cL', '2 dashes', '1 cube', 'dash']"
13499,Oreo Mudslide,Ordinary Drink,True,Collins Glass,"['Vodka', 'Kahlua', 'Baileys irish cream', 'Vanilla ice-cream', 'Oreo cookie']","['1 oz ', '1 oz ', '1 oz ', '2 scoops ', '1 ']"
14586,Orange Push-up,Ordinary Drink,True,Hurricane glass,"['Spiced rum', 'Grenadine', 'Orange juice', 'Sour mix']","['1.5 oz ', '0.5 oz ', '4 oz ', '1 splash ']"
17266,Oatmeal Cookie,Cocktail,True,Mason jar,"['Kahlua', 'Bailey', 'Butterscotch schnapps', 'Jagermeister', 'Goldschlager']","['2 parts', '2 parts', '4 parts', '1 part', '1/2 part']"
12748,Orange Scented Hot Chocolate,Cocoa,False,Coffee mug,"['Milk', 'Chocolate', 'Orange peel', 'Espresso', 'Nutmeg']","['2 cups ', '4 oz chopped bittersweet or semi-sweet ', '3 2-inch strips ', '1/2 tsp instant ', '1/8 tsp ground ']"
17253,Paloma,Cocktail,True,Collins glass,"['Grape Soda', 'Tequila']","['3 oz', '1 1/2 oz']"
11936,Pink Gin,Ordinary Drink,True,White wine glass,"['Bitters', 'Gin']","['3 dashes ', '2 oz ']"
17190,Paradise,Ordinary Drink,True,Cocktail glass,"['Gin', 'Apricot Brandy', 'Orange Juice']","['7 parts', '4 parts', '3 parts ']"
11938,Pink Lady,Ordinary Drink,True,Cocktail glass,"['Gin', 'Grenadine', 'Light cream', 'Egg white']","['1 1/2 oz ', '1 tsp ', '1 tsp ', '1 ']"
17249,Pegu Club,Cocktail,True,Cocktail glass,"['Gin', 'Orange Curacao', 'Lime Juice', 'Angostura Bitters', 'Orange Bitters']","['1 1/2 oz', '3/4 oz', '3/4 oz', '1 dash', '1 dash']"
13214,Pisco Sour,Cocktail,True,Cocktail glass,"['Pisco', 'Lemon juice', 'Sugar', 'Ice']","['2 oz ', '1 oz ', '1-2 tblsp ', None]"
17192,Porto flip,Ordinary Drink,True,Cocktail glass,"['Brandy', 'Port', 'Egg Yolk']","['3 parts', '9 parts', '2 parts']"
17829,Penicillin,Cocktail,True,Old-fashioned glass,"['Blended Scotch', 'Lemon Juice', 'Honey syrup', 'Ginger Syrup', 'Islay single malt Scotch']","['2 oz', '3/4 oz', '2 tsp', '2 tsp', '1/4 oz']"
17207,Pina Colada,Ordinary Drink,True,Collins glass,"['Light rum', 'Coconut milk', 'Pineapple']","['3 oz ', '3 tblsp ', '3 tblsp ']"
16992,Pink Penocha,Punch / Party Drink,True,Punch bowl,"['Everclear', 'Vodka', 'Peach schnapps', 'Orange juice', 'Cranberry juice']","['750 ml ', '1750 ml ', '1750 ml ', '1 gal ', '1 gal ']"
13072,Popped cherry,Ordinary Drink,True,Highball glass,"['Vodka', 'Cherry liqueur', 'Cranberry juice', 'Orange juice']","['2 oz ', '2 oz ', '4 oz ', '4 oz ']"
11959,Poppy Cocktail,Ordinary Drink,True,Cocktail glass,"['Gin', 'Creme de Cacao']","['1 1/2 oz ', '3/4 oz white ']"
11965,Port Wine Flip,Ordinary Drink,True,Whiskey sour glass,"['Port', 'Light cream', 'Powdered sugar', 'Egg', 'Nutmeg']","['1 1/2 oz ', '2 tsp ', '1 tsp ', '1 whole ', None]"
17191,Planter's Punch,Punch / Party Drink,True,Collins glass,"['Dark rum', 'Orgeat syrup', 'Orange juice', 'Pineapple juice']","['1 part ', '1/2 part ', '2 parts ', '1 part ']"
11961,Port And Starboard,Ordinary Drink,True,Pousse cafe glass,"['Grenadine', 'Green Creme de Menthe']","['1 tblsp ', '1/2 oz ']"
11963,Port Wine Cocktail,Ordinary Drink,True,Cocktail glass,"['Port', 'Brandy']","['2 1/2 oz ', '1/2 tsp ']"
15092,Pysch Vitamin Light,Ordinary Drink,False,Collins Glass,"['Orange juice', 'Apple juice', 'Pineapple juice', 'Ice']","['1 part ', '1 part ', '1 part ', None]"
13535,Pink Panty Pulldowns,Ordinary Drink,True,Collins Glass,"['Sprite', 'Pink lemonade', 'Vodka']","['1 L ', '2 cups ', '2 cups ']"
178323,Passion Fruit Martini,Cocktail,True,Cocktail glass,"['Vodka', 'Sugar Syrup', 'Passion fruit juice', '', '', '', '']","['1 shot', '1/2 shot', 'Full Glass', '', '', '', '']"
11993,Quentin,Ordinary Drink,True,Cocktail glass,"['Dark rum', 'Kahlua', 'Light cream', 'Nutmeg']","['1 1/2 oz ', '1/2 oz ', '1 oz ', '1/8 tsp grated ']"
11987,Queen Bee,Ordinary Drink,True,Cocktail glass,"['Coffee brandy', 'Lime vodka', 'Sherry']","['1 oz ', '1 1/2 oz ', '1/2 oz cream ']"
13198,Quick F**K,Shot,True,Shot glass,"['Kahlua', 'Midori melon liqueur', 'Baileys irish cream']","['1 part ', '1 part ', '1 part ']"
15761,Quick-sand,Ordinary Drink,True,Highball glass,"['Black Sambuca', 'Orange juice']","['25 ml ', 'Add 250 ml ']"
11989,Queen Charlotte,Ordinary Drink,True,Collins glass,"['Red wine', 'Grenadine', 'Lemon-lime soda']","['2 oz ', '1 oz ', None]"
11991,Queen Elizabeth,Ordinary Drink,True,Cocktail glass,"['Dry Vermouth', 'Gin', 'Benedictine']","['1/2 oz ', '1 1/2 oz ', '1 1/2 tsp ']"
11983,Quaker's Cocktail,Ordinary Drink,True,Cocktail glass,"['Light rum', 'Brandy', 'Lemon', 'Raspberry syrup']","['3/4 oz ', '3/4 oz ', 'Juice of 1/4 ', '2 tsp ']"
17208,Rose,Ordinary Drink,True,Cocktail glass,"['Dry Vermouth', 'Gin', 'Apricot brandy', 'Lemon juice', 'Grenadine', 'Powdered sugar']","['1/2 oz ', '1 oz ', '1/2 oz ', '1/2 tsp ', '1 tsp ', None]"
16031,Radler,Ordinary Drink,True,Highball glass,"['Beer', '7-Up']","['12 oz ', '12 oz ']"
12093,Rum Sour,Ordinary Drink,True,Whiskey sour glass,"['Light rum', 'Lemon juice', 'Sugar', 'Orange', 'Maraschino cherry']","['2 oz ', '1 oz ', '1/2 tsp superfine ', '1 ', '1 ']"
12097,Rum Toddy,Ordinary Drink,True,Old-fashioned glass,"['Rum', 'Powdered sugar', 'Lemon peel', 'Water']","['2 oz light or dark ', '2 tsp ', '1 twist of ', '2 tsp ']"
14978,Rum Punch,Punch / Party Drink,True,Punch bowl,"['Rum', 'Ginger ale', 'Fruit punch', 'Orange juice', 'Ice']","['mikey bottle ', 'large bottle ', '355 ml frozen ', '355 ml frozen ', 'crushed ']"
12055,Royal Fizz,Ordinary Drink,True,Collins glass,"['Gin', 'Sweet and sour', 'Egg', 'Coca-Cola']","['1 oz ', '2 oz ', '1 whole ', None]"
12071,Rum Cooler,Ordinary Drink,True,Collins glass,"['Rum', 'Lemon-lime soda', 'Lemon']","['2 oz light or dark ', '4 oz ', '1 ']"
12101,Rusty Nail,Ordinary Drink,True,Old-fashioned glass,"['Scotch', 'Drambuie', 'Lemon peel']","['1 1/2 oz ', '1/2 oz ', '1 twist of ']"
16250,Rum Runner,Punch / Party Drink,True,Cocktail glass,"['Malibu rum', 'Blackberry brandy', 'Orange juice', 'Pineapple juice', 'Cranberry juice']","['1 1/2 oz ', '1 oz ', '3-4 oz ', '3-4 oz ', '3-4 oz ']"
12067,Rum Cobbler,Ordinary Drink,True,Old-fashioned glass,"['Sugar', 'Club soda', 'Lemon', 'Dark rum', 'Maraschino cherry', 'Orange']","['1 tsp superfine ', '3 oz ', '1 ', '2 oz ', '1 ', '1 ']"
14087,Red Snapper,Shot,True,Old-fashioned glass,"['Crown Royal', 'Amaretto', 'Cranberry juice']","['1 shot ', '1 shot ', '1 shot ']"
15082,Royal Flush,Shot,True,Old-fashioned glass,"['Crown Royal', 'Peach schnapps', 'Chambord raspberry liqueur', 'Cranberry juice']","['1 1/2 oz ', '1 oz ', '1/2 oz ', '1 oz ']"
17122,Royal Bitch,Shot,True,Shot glass,"['Frangelico', 'Crown Royal']","['1 part ', '1 part ']"
17114,Ruby Tuesday,Cocktail,True,Highball glass,"['Gin', 'Cranberry juice', 'Grenadine']","['2 oz ', '5 oz ', '2 splashes ']"
12630,Rail Splitter,Cocktail,False,Highball glass,"['Sugar syrup', 'Lemon juice', 'Ginger ale']","['2 tsp ', None, None]"
17245,Rosemary Blue,Cocktail,True,Balloon Glass,"['Gin', 'Blue Curacao', 'Tonic Water', 'Rosemary']","['50 ml', '15 ml', '100 ml', 'Garnish with']"
12057,Royal Gin Fizz,Ordinary Drink,True,Highball glass,"['Gin', 'Lemon', 'Powdered sugar', 'Egg', 'Carbonated water']","['2 oz ', 'Juice of 1/2 ', '1 tsp ', '1 whole ', None]"
12087,Rum Milk Punch,Ordinary Drink,True,Collins glass,"['Light rum', 'Milk', 'Powdered sugar', 'Nutmeg']","['2 oz ', '1 cup ', '1 tsp ', None]"
12091,Rum Screwdriver,Ordinary Drink,True,Highball glass,"['Light rum', 'Orange juice']","['1 1/2 oz ', '5 oz ']"
17167,Raspberry Cooler,Other/Unknown,True,Highball glass,"['Raspberry vodka', 'Lemon-lime soda', 'Ice']","['2 oz ', '4 oz ', None]"
12089,Rum Old-fashioned,Ordinary Drink,True,Old-fashioned glass,"['Light rum', '151 proof rum', 'Powdered sugar', 'Bitters', 'Water', 'Lime peel']","['1 1/2 oz ', '1 tsp ', '1/2 tsp ', '1 dash ', '1 tsp ', 'Twist of ']"
17214,Russian Spring Punch,Ordinary Drink,True,Highball glass,"['Vodka', 'Creme de Cassis', 'Sugar Syrup', 'Lemon Juice']","['2.5 cl', '1.5 cl', '1 cl', '2.5 cl']"
17141,Smut,Punch / Party Drink,True,Beer mug,"['Red wine', 'Peach schnapps', 'Pepsi Cola', 'Orange juice']","['1/3 part ', '1 shot ', '1/3 part ', '1/3 part ']"
17215,Spritz,Ordinary Drink,True,Old-Fashioned glass,"['Prosecco', 'Campari', 'Soda Water']","['6 cl', '4 cl', 'splash']"
12127,Sazerac,Ordinary Drink,True,Old-fashioned glass,"['Ricard', 'Sugar', 'Peychaud bitters', 'Water', 'Bourbon', 'Lemon peel']","['1 tsp ', '1/2 tsp superfine ', '2 dashes ', '1 tsp ', '2 oz ', '1 twist of ']"
12130,Scooter,Ordinary Drink,True,Cocktail glass,"['Brandy', 'Amaretto', 'Light cream']","['1 oz ', '1 oz ', '1 oz ']"
12196,Sidecar,Ordinary Drink,True,Cocktail glass,"['Cognac', 'Cointreau', 'Lemon juice']","['2 oz ', '1/2 oz ', '1 oz ']"
17193,Stinger,Ordinary Drink,True,Cocktail glass,"['Brandy', 'White Creme de Menthe']","['1 1/2 oz ', '1/2 oz ']"
14195,Snowball,Ordinary Drink,True,Highball glass,"['Advocaat', 'Lemonade', 'Lemon', 'Ice']","['1 1/2 oz ', '8-10 oz cold ', '1 slice ', 'cubes']"
16985,Shot-gun,Shot,True,Shot glass,"['Jim Beam', 'Jack Daniels', 'Wild Turkey']","['1 part ', '1 part ', '1 oz ']"
178322,Spice 75,Cocktail,True,Wine Glass,"['Sugar', 'Allspice', 'Rum', 'Lime Juice', 'Champagne', 'Orange spiral', '']","['60 ml', '1 tblsp', '20 cl', '90 ml', '6 cl', 'Garnish with', '']"
12107,Salty Dog,Ordinary Drink,True,Highball glass,"['Grapefruit juice', 'Gin', 'Salt']","['5 oz ', '1 1/2 oz ', '1/4 tsp ']"
12308,Stone Sour,Ordinary Drink,True,Whiskey sour glass,"['Apricot brandy', 'Orange juice', 'Sweet and sour']","['1 oz ', '1 oz ', '1 oz ']"
13020,Sangria #1,Punch / Party Drink,True,Pitcher,"['Red wine', 'Sugar', 'Orange juice', 'Lemon juice', 'Cloves', 'Cinnamon']","['1 bottle ', '1/2 cup ', '1 cup ', '1 cup ', None, None]"
13377,Sea breeze,Ordinary Drink,True,Highball glass,"['Vodka', 'Cranberry juice', 'Grapefruit juice']","['1 1/2 oz ', '4 oz ', '1 oz ']"
12158,Scotch Sour,Ordinary Drink,True,Whiskey sour glass,"['Scotch', 'Lime', 'Powdered sugar', 'Lemon', 'Cherry']","['1 1/2 oz ', 'Juice of 1/2 ', '1/2 tsp ', '1/2 slice ', '1 ']"
12162,Screwdriver,Ordinary Drink,True,Highball glass,"['Vodka', 'Orange juice']","['2 oz ', None]"
12190,Sherry Flip,Ordinary Drink,True,Nick and Nora Glass,"['Sherry', 'Light cream', 'Powdered sugar', 'Egg', 'Nutmeg']","['1 1/2 oz cream ', '2 tsp ', '1 tsp ', '1 whole ', None]"
16990,Sweet Tooth,Milk / Float / Shake,True,Highball Glass,"['Godiva liqueur', 'Milk']","['2 shots ', None]"
12256,Sol Y Sombra,Ordinary Drink,True,Brandy snifter,"['Brandy', 'Anisette']","['1 1/2 oz ', '1 1/2 oz ']"
16273,Shark Attack,Cocktail,True,Pitcher,"['Lemonade', 'Water', 'Vodka']","['1 can ', '3 cans ', '1 1/2 cup ']"
12188,Sherry Eggnog,Ordinary Drink,True,Collins glass,"['Sherry', 'Powdered sugar', 'Egg', 'Milk', 'Nutmeg']","['2 oz cream ', '1 tsp ', '1 whole ', None, None]"
12724,Sweet Bananas,Milk / Float / Shake,False,Highball Glass,"['Milk', 'Banana', 'Honey']","['2 cups ', '1 ', '1 tblsp ']"
13024,Sweet Sangria,Punch / Party Drink,True,Pitcher,"['Red wine', 'Sugar', 'Water', 'Apple', 'Orange', 'Lime', 'Lemon', 'Fresca']","['2 bottles ', '1 cup ', '2 cups hot ', '1 cup', ' wedges\n', ' wedges\n', None, None]"
15184,San Francisco,Ordinary Drink,True,Highball glass,"['Vodka', 'Creme de Banane', 'Grenadine', 'Orange juice']","['2 cl ', '2 cl ', None, None]"
15226,Space Odyssey,Ordinary Drink,True,Highball glass,"['151 proof rum', 'Malibu rum', 'Pineapple juice', 'Orange juice', 'Grenadine', 'Cherries']","['1 shot Bacardi ', '1 shot ', '1 shot ', None, None, None]"
12388,Thriller,Ordinary Drink,True,Cocktail glass,"['Scotch', 'Wine', 'Orange juice']","['1 1/2 oz ', '1 oz Green Ginger ', '1 oz ']"
12856,Tia-Maria,Homemade Liqueur,True,Collins Glass,"['Water', 'Brown sugar', 'Coffee', 'Rum', 'Vanilla extract']","['1 cup ', '3/4-1 cup ', '4 tsp ', '1 cup ', '4 tsp ']"
17828,Tipperary,Cocktail,True,Nick and Nora Glass,"['Irish Whiskey', 'Sweet Vermouth', 'Green Chartreuse']","['2 oz', '1 oz', '1/2 oz']"
15006,Turkeyball,Shot,True,Shot glass,"['Wild Turkey', 'Amaretto', 'Pineapple juice']","['1 oz ', '3/4 oz ', '1 splash ']"
12402,Tom Collins,Ordinary Drink,True,Collins glass,"['Gin', 'Lemon juice', 'Sugar', 'Club soda', 'Maraschino cherry', 'Orange']","['2 oz ', '1 oz ', '1 tsp superfine ', '3 oz ', '1 ', '1 ']"
12726,Tomato Tang,Other/Unknown,False,Highball glass,"['Tomato juice', 'Lemon juice', 'Celery salt']","['2 cups ', '1-2 tblsp ', '1 dash ']"
12782,Thai Coffee,Coffee / Tea,False,Highball glass,"['Coffee', 'Coriander', 'Cardamom', 'Sugar', 'Whipping cream', 'Ice']","['6 tblsp ground', '1/4 tsp ', '4-5 whole green ', None, None, None]"
15639,Texas Sling,Milk / Float / Shake,True,Wine Glass,"['Kahlua', 'Irish cream', 'Amaretto', '151 proof rum', 'Cream']","['1/2 oz ', '1/2 oz ', '1/2 oz ', '1/2 oz Bacardi ', '1 oz ']"
12362,Tequila Fizz,Ordinary Drink,True,Collins glass,"['Tequila', 'Lemon juice', 'Grenadine', 'Egg white', 'Ginger ale']","['2 oz ', '1 tblsp ', '3/4 oz ', '1 ', None]"
12370,Tequila Sour,Ordinary Drink,True,Whiskey sour glass,"['Tequila', 'Lemon', 'Powdered sugar', 'Lemon', 'Cherry']","['2 oz ', 'Juice of 1/2 ', '1 tsp ', '1/2 slice ', '1 ']"
14860,Talos Coffee,Coffee / Tea,True,Brandy snifter,"['Grand Marnier', 'Coffee']","['3 parts ', '1 part ']"
15515,Tennesee Mud,Coffee / Tea,True,Coffee Mug,"['Coffee', 'Jack Daniels', 'Amaretto', 'Whipped cream']","['8 oz ', '4 oz ', '4 oz ', None]"
12418,Turf Cocktail,Ordinary Drink,True,Cocktail glass,"['Dry Vermouth', 'Gin', 'Anis', 'Bitters', 'Orange peel']","['1 oz ', '1 oz ', '1/4 tsp ', '2 dashes ', 'Twist of ']"
12786,Thai Iced Tea,Coffee / Tea,False,Highball glass,"['Tea', 'Water', 'Condensed milk', 'Ice', 'Mint']","['1/4 cup Thai ', '1/2 cup boiling ', '2 tsp sweetened ', 'cubes', 'garnish']"
17247,The Last Word,Cocktail,True,Cocktail glass,"['Green Chartreuse', 'Maraschino Liqueur', 'Lime Juice']","['1 oz', '1 oz', '1 oz']"
17824,The Laverstoke,Cocktail,True,Balloon Glass,"['Gin', 'Elderflower cordial', 'Rosso Vermouth', 'Tonic Water', 'Lime', 'Ginger', 'Mint']","['50 ml', '15 ml', '15 ml', '75 ml', '2 Wedges', '1 Slice', '1 Large Sprig']"
12420,Tuxedo Cocktail,Ordinary Drink,True,Cocktail glass,"['Dry Vermouth', 'Gin', 'Maraschino liqueur', 'Anis', 'Orange bitters', 'Cherry']","['1 1/2 oz ', '1 1/2 oz ', '1/4 tsp ', '1/4 tsp ', '2 dashes ', '1 ']"
13621,Tequila Sunrise,Cocktail,True,Highball glass,"['Tequila', 'Orange juice', 'Grenadine']","['2 measures ', None, None]"
178307,Tequila Slammer,Shot,True,Hurricane glass,"['Tequila', '7-up']","['1 shot', '1 part']"
12784,Thai Iced Coffee,Coffee / Tea,False,Highball glass,"['Coffee', 'Sugar', 'Cream', 'Cardamom']","['black', None, ' pods\n', None]"
14602,Tequila Surprise,Shot,True,Shot glass,"['Tequila', 'Tabasco sauce']","['full glass ', 'About 8 drops ']"
17826,The Jimmy Conway,Cocktail,True,Whiskey sour glass,"['Irish Whiskey', 'Amaretto', 'Cranberry Juice']","['50 ml', '50 ml', '4 oz']"
15178,Texas Rattlesnake,Shot,True,Highball glass,"['Yukon Jack', 'Cherry brandy', 'Southern Comfort', 'Sweet and sour']","['1 part ', '1/2 part ', '1 part ', '1 splash ']"
17216,Tommy's Margarita,Ordinary Drink,True,Old-Fashioned glass,"['Tequila', 'Lime Juice', 'Agave syrup']","['4.5 cl', '1.5 cl', '2 spoons']"
12450,Victor,Ordinary Drink,True,Cocktail glass,"['Gin', 'Sweet Vermouth', 'Brandy']","['1 1/2 oz ', '1/2 oz ', '1/2 oz ']"
17218,Vesper,Cocktail,True,Cocktail glass,"['Gin', 'Vodka', 'Lillet Blanc']","['6 cl', '1.5 cl', '0.75 cl']"
12444,Vesuvio,Ordinary Drink,True,Old-fashioned glass,"['Light rum', 'Sweet Vermouth', 'Lemon', 'Powdered sugar', 'Egg white']","['1 oz ', '1/2 oz ', 'Juice of 1/2 ', '1 tsp ', '1 ']"
12446,Veteran,Ordinary Drink,True,Old-fashioned glass,"['Dark rum', 'Cherry brandy']","['2 oz ', '1/2 oz ']"
17217,Vampiro,Ordinary Drink,True,Old-Fashioned glass,"['Tequila', 'Tomato Juice', 'Orange Juice', 'Lime Juice', 'Sugar Syrup', 'Salt']","['6 cl', '3 cl', '3 cl', '1.5 cl', '1 dash', '1 pinch']"
12436,Van Vleet,Ordinary Drink,True,Old-fashioned glass,"['Light rum', 'Maple syrup', 'Lemon juice']","['3 oz ', '1 oz ', '1 oz ']"
16967,Vodka Fizz,Other/Unknown,True,White wine glass,"['Vodka', 'Half-and-half', 'Limeade', 'Ice', 'Nutmeg']","['2 oz ', '2 oz ', '2 oz ', None, None]"
14167,Vodka Martini,Ordinary Drink,True,Cocktail glass,"['Vodka', 'Dry Vermouth', 'Olive']","['1 1/2 oz ', '3/4 oz ', '1 ']"
15403,Vodka Russian,Ordinary Drink,True,Collins Glass,"['Vodka', 'Schweppes Russchian']","['2 oz ', None]"
12442,Vermouth Cassis,Ordinary Drink,True,Highball glass,"['Dry Vermouth', 'Creme de Cassis', 'Carbonated water']","['1 1/2 oz ', '3/4 oz ', None]"
12452,Victory Collins,Ordinary Drink,True,Collins glass,"['Vodka', 'Lemon juice', 'Grape juice', 'Powdered sugar', 'Orange']","['1 1/2 oz ', '3 oz ', '3 oz unsweetened ', '1 tsp ', '1 slice ']"
12460,Vodka And Tonic,Ordinary Drink,True,Highball glass,"['Vodka', 'Tonic water']","['2 oz ', None]"
12518,Whisky Mac,Ordinary Drink,True,Collins Glass,"['Scotch', 'Wine']","['1 1/2 oz ', '1 oz Green Ginger ']"
13058,Wine Punch,Punch / Party Drink,True,Collins Glass,"['Red wine', 'Lemon', 'Orange juice', 'Orange', 'Pineapple juice']","['1 bottle ', '2 ', '1 cup ', '3 ', '1 cup ']"
17194,White Lady,Ordinary Drink,True,Cocktail glass,"['Gin', 'Triple Sec', 'Lemon Juice']","['4cl', '3cl', '2cl']"
13056,Wine Cooler,Punch / Party Drink,True,Collins Glass,"['Red wine', 'Lemon-lime soda', 'Ice']","['2 oz white or ', '5 oz ', 'cubes']"
11004,Whiskey Sour,Ordinary Drink,True,Old-fashioned glass,"['Blended whiskey', 'Lemon', 'Powdered sugar', 'Cherry', 'Lemon']","['2 oz ', 'Juice of 1/2 ', '1/2 tsp ', '1 ', '1/2 slice ']"
12528,White Russian,Ordinary Drink,True,Old-fashioned glass,"['Vodka', 'Coffee liqueur', 'Light cream']","['2 oz ', '1 oz ', None]"
16158,Whitecap Margarita,Other/Unknown,True,Margarita/Coupette glass,"['Ice', 'Tequila', 'Cream of coconut', 'Lime juice']","['1 cup ', '2 oz ', '1/4 cup ', '3 tblsp fresh ']"
17219,Yellow Bird,Cocktail,True,Cocktail glass,"['White Rum', 'Galliano', 'Triple Sec', 'Lime Juice']","['3 cl', '1.5 cl', '1.5 cl', '1.5 cl']"
15328,Zorro,Coffee / Tea,True,Coffee Mug,"['Sambuca', 'Baileys irish cream', 'White Creme de Menthe']","['2 cl ', '2 cl ', '2 cl ']"
14888,Zinger,Soft Drink / Soda,True,Highball glass,"['Peachtree schnapps', 'Surge']","['4 shots ', '4 shots ']"
15691,Zoksel,Soft Drink / Soda,True,Beer pilsner,"['Beer', 'Root beer', 'Lemonade', 'Coca-Cola', '7-Up', 'Creme de Cassis', 'Lemon']","[None, None, None, ' slice\n', None, None, None]"
17241,Zombie,Cocktail,True,Hurricane glass,"['Rum', 'Gold rum', '151 proof rum', 'Pernod', 'Grenadine', 'Lime Juice', 'Angostura Bitters']","['1 1/2 oz', '1 1/2 oz', '1 oz', '1 tsp', '1 tsp', '1 tsp', '1 drop']"
15933,Zambeer,Soft Drink / Soda,True,Collins Glass,"['Sambuca', 'Root beer', 'Ice']","['1 1/2 oz ', 'Add 10 oz ', 'cubes']"
16963,Zorbatini,Cocktail,True,Cocktail glass,"['Vodka', 'Ouzo']","['1 1/4 oz Stoli ', '1/4 oz ']"
15254,Zenmeister,Ordinary Drink,True,Collins Glass,"['Jägermeister', 'Root beer']","['1/2 oz ', '1/2 oz ']"
16942,Zipperhead,Shot,True,Whiskey sour glass,"['Chambord raspberry liqueur', 'Vodka', 'Soda water']","['1 shot ', '1 shot ', 'Fill with ']"
17027,Zima Blaster,Ordinary Drink,True,Hurricane glass,"['Zima', 'Chambord raspberry liqueur']","['12 oz ', '3 oz ']"
14594,Zizi Coin-coin,Punch / Party Drink,True,Margarita/Coupette glass,"['Cointreau', 'Lemon juice', 'Ice', 'Lemon']","['5 cl ', '2 cl ', 'cubes', ' or lime\n']"
14065,Zippy's Revenge,Cocktail,True,Old-fashioned glass,"['Amaretto', 'Rum', 'Kool-Aid']","['2 oz ', '2 oz ', '4 oz Grape ']"
15801,Zimadori Zinger,Punch / Party Drink,True,Collins glass,"['Midori melon liqueur', 'Zima']","['1.5 oz ', '12 oz ']"
15346,155 Belmont,Cocktail,True,White wine glass,"['Dark rum', 'Light rum', 'Vodka', 'Orange juice']","['1 shot ', '2 shots ', '1 shot ', '1 shot ']"
15395,1-900-FUK-MEUP,Shot,True,Old-fashioned glass,"['Absolut Kurant', 'Grand Marnier', 'Chambord raspberry liqueur', 'Midori melon liqueur', 'Malibu rum', 'Amaretto', 'Cranberry juice', 'Pineapple juice']","['1/2 oz ', '1/4 oz ', '1/4 oz ', '1/4 oz ', '1/4 oz ', '1/4 oz ', '1/2 oz ', '1/4 oz ']"
15423,110 in the shade,Beer,True,Beer Glass,"['Lager', 'Tequila']","['16 oz ', '1.5 oz ']"
15288,252,Shot,True,Shot glass,"['151 proof rum', 'Wild Turkey']","['1/2 shot Bacardi ', '1/2 shot ']"
13899,3 Wise Men,Shot,True,Collins glass,"['Jack Daniels', 'Johnnie Walker', 'Jim Beam']","['1/3 oz ', '1/3 oz ', '1/3 oz ']"
14598,50/50,Ordinary Drink,True,Collins Glass,"['Vanilla vodka', 'Grand Marnier', 'Orange juice']","['2 1/2 oz ', '1 splash ', 'Fill with ']"
14229,747,Shot,True,Shot glass,"['Kahlua', 'Baileys irish cream', 'Frangelico']","['1/3 part ', '1/3 part ', '1/3 part ']"
